order_id,customer_id,customer_name,order_date,status,total_amount,receipt_summary
5001,73,"Khaled Omar",2025-02-08,Completed,324.00,"Cataflam (x1) @ 38.5 | Nivea Cream (x2) @ 85 | Cataflam (x3) @ 38.5"
5002,62,"Youssef Nabil",2024-12-06,Completed,382.00,"Nivea Cream (x2) @ 85 | Otrivin (x1) @ 42 | Nivea Cream (x2) @ 85"
5003,9,"Youssef Nabil",2025-09-26,Completed,172.00,"Brufen 400 (x3) @ 29 | Nivea Cream (x1) @ 85"
5004,59,"Mona Said",2025-08-02,Completed,1062.00,"Centrum (x2) @ 420 | Panadol Extra (x3) @ 45 | Brufen 400 (x3) @ 29"
5005,65,"Mona Said",2025-02-23,Completed,883.50,"Omega 3 (x2) @ 250 | Cataflam (x1) @ 38.5 | Panadol Extra (x2) @ 45 | Nivea Cream (x3) @ 85"
5006,66,"Khaled Omar",2025-07-30,Pending,126.00,"Otrivin (x3) @ 42"
5007,8,"Youssef Nabil",2025-09-09,Pending,542.00,"Omega 3 (x2) @ 250 | Otrivin (x1) @ 42"
5008,47,"Youssef Nabil",2025-05-29,Pending,449.00,"Centrum (x1) @ 420 | Brufen 400 (x1) @ 29"
5009,58,"Khaled Omar",2025-05-12,Completed,220.00,"Panadol Extra (x2) @ 45 | Panadol Extra (x1) @ 45 | Nivea Cream (x1) @ 85"
5010,36,"Ahmed Ali",2025-04-06,Completed,1403.00,"Brufen 400 (x2) @ 29 | Nivea Cream (x1) @ 85 | Centrum (x1) @ 420 | Centrum (x2) @ 420"
5011,71,"Youssef Nabil",2025-01-31,Completed,42.00,"Otrivin (x1) @ 42"
5012,90,"Sara Mohamed",2025-02-04,Completed,755.00,"Nivea Cream (x3) @ 85 | Omega 3 (x2) @ 250"
5013,99,"Youssef Nabil",2025-04-13,Completed,1852.00,"Nivea Cream (x1) @ 85 | Centrum (x2) @ 420 | Brufen 400 (x3) @ 29 | Centrum (x2) @ 420"
5014,92,"Ahmed Ali",2025-01-10,Pending,705.00,"Vit C (x2) @ 120 | Centrum (x1) @ 420 | Panadol Extra (x1) @ 45"
5015,60,"Khaled Omar",2025-03-20,Completed,212.00,"Cataflam (x2) @ 38.5 | Panadol Extra (x3) @ 45"
5016,50,"Rania Ezzat",2025-08-12,Completed,175.00,"Nivea Cream (x1) @ 85 | Panadol Extra (x2) @ 45"
5017,85,"Youssef Nabil",2025-09-19,Completed,360.00,"Vit C (x3) @ 120"
5018,77,"Youssef Nabil",2025-10-25,Pending,1379.00,"Brufen 400 (x1) @ 29 | Panadol Extra (x2) @ 45 | Centrum (x3) @ 420"
5019,82,"Youssef Nabil",2025-08-16,Completed,548.00,"Vit C (x2) @ 120 | Omega 3 (x1) @ 250 | Brufen 400 (x2) @ 29"
5020,58,"Rania Ezzat",2025-11-02,Completed,1344.00,"Otrivin (x2) @ 42 | Centrum (x3) @ 420"
5021,40,"Youssef Nabil",2025-09-17,Completed,495.00,"Vit C (x2) @ 120 | Nivea Cream (x3) @ 85"
5022,31,"Mona Said",2024-12-27,Completed,103.00,"Panadol Extra (x1) @ 45 | Brufen 400 (x2) @ 29"
5023,67,"Khaled Omar",2025-04-02,Completed,213.00,"Brufen 400 (x3) @ 29 | Otrivin (x3) @ 42"
5024,17,"Youssef Nabil",2025-01-14,Completed,2960.00,"Vit C (x3) @ 120 | Omega 3 (x2) @ 250 | Centrum (x3) @ 420 | Centrum (x2) @ 420"
5025,13,"Mona Said",2025-04-04,Completed,1210.00,"Centrum (x1) @ 420 | Omega 3 (x1) @ 250 | Vit C (x1) @ 120 | Centrum (x1) @ 420"
5026,94,"Sara Mohamed",2025-06-06,Completed,90.00,"Panadol Extra (x2) @ 45"
5027,72,"Rania Ezzat",2025-02-28,Pending,207.00,"Vit C (x1) @ 120 | Brufen 400 (x3) @ 29"
5028,55,"Youssef Nabil",2025-07-28,Completed,1038.50,"Cataflam (x1) @ 38.5 | Omega 3 (x2) @ 250 | Omega 3 (x2) @ 250"
5029,31,"Khaled Omar",2025-08-07,Completed,167.00,"Cataflam (x2) @ 38.5 | Panadol Extra (x2) @ 45"
5030,35,"Mona Said",2025-05-16,Completed,1107.00,"Cataflam (x2) @ 38.5 | Nivea Cream (x2) @ 85 | Omega 3 (x2) @ 250 | Vit C (x3) @ 120"
5031,49,"Mona Said",2025-01-20,Completed,1424.00,"Brufen 400 (x3) @ 29 | Centrum (x2) @ 420 | Centrum (x1) @ 420 | Cataflam (x2) @ 38.5"
5032,32,"Ahmed Ali",2025-11-04,Completed,1155.00,"Omega 3 (x2) @ 250 | Omega 3 (x1) @ 250 | Panadol Extra (x1) @ 45 | Vit C (x3) @ 120"
5033,93,"Youssef Nabil",2025-03-10,Completed,1757.00,"Brufen 400 (x3) @ 29 | Omega 3 (x2) @ 250 | Omega 3 (x3) @ 250 | Centrum (x1) @ 420"
5034,75,"Sara Mohamed",2025-07-11,Completed,444.00,"Otrivin (x2) @ 42 | Vit C (x3) @ 120"
5035,60,"Khaled Omar",2025-07-04,Completed,84.00,"Otrivin (x2) @ 42"
5036,44,"Ahmed Ali",2025-01-11,Completed,67.50,"Cataflam (x1) @ 38.5 | Brufen 400 (x1) @ 29"
5037,43,"Youssef Nabil",2024-12-16,Completed,342.00,"Brufen 400 (x3) @ 29 | Nivea Cream (x3) @ 85"
5038,25,"Sara Mohamed",2025-01-08,Pending,1885.50,"Centrum (x3) @ 420 | Cataflam (x1) @ 38.5 | Brufen 400 (x3) @ 29 | Omega 3 (x2) @ 250"
5039,28,"Mona Said",2025-02-07,Completed,1515.00,"Vit C (x1) @ 120 | Centrum (x3) @ 420 | Panadol Extra (x3) @ 45"
5040,16,"Rania Ezzat",2025-06-04,Completed,205.50,"Cataflam (x3) @ 38.5 | Panadol Extra (x2) @ 45"
5041,21,"Youssef Nabil",2025-07-17,Completed,1920.00,"Omega 3 (x3) @ 250 | Omega 3 (x2) @ 250 | Centrum (x1) @ 420 | Omega 3 (x1) @ 250"
5042,19,"Youssef Nabil",2025-02-17,Completed,74.00,"Panadol Extra (x1) @ 45 | Brufen 400 (x1) @ 29"
5043,27,"Youssef Nabil",2025-02-10,Completed,1245.00,"Panadol Extra (x1) @ 45 | Centrum (x2) @ 420 | Vit C (x3) @ 120"
5044,6,"Ahmed Ali",2025-07-04,Completed,1250.00,"Centrum (x2) @ 420 | Nivea Cream (x3) @ 85 | Brufen 400 (x1) @ 29 | Otrivin (x3) @ 42"
5045,63,"Sara Mohamed",2025-10-20,Completed,96.50,"Cataflam (x1) @ 38.5 | Brufen 400 (x2) @ 29"
5046,49,"Youssef Nabil",2025-09-01,Completed,908.50,"Cataflam (x1) @ 38.5 | Nivea Cream (x3) @ 85 | Vit C (x3) @ 120 | Nivea Cream (x3) @ 85"
5047,29,"Khaled Omar",2025-06-18,Completed,594.00,"Panadol Extra (x2) @ 45 | Centrum (x1) @ 420 | Otrivin (x2) @ 42"
5048,48,"Mona Said",2025-10-04,Completed,29.00,"Brufen 400 (x1) @ 29"
5049,90,"Sara Mohamed",2025-06-02,Completed,154.50,"Cataflam (x1) @ 38.5 | Brufen 400 (x2) @ 29 | Brufen 400 (x2) @ 29"
5050,48,"Khaled Omar",2025-10-17,Completed,494.00,"Vit C (x2) @ 120 | Otrivin (x2) @ 42 | Nivea Cream (x2) @ 85"
5051,50,"Khaled Omar",2025-02-02,Completed,495.00,"Nivea Cream (x3) @ 85 | Vit C (x2) @ 120"
5052,76,"Sara Mohamed",2025-07-29,Completed,115.50,"Cataflam (x3) @ 38.5"
5053,53,"Ahmed Ali",2025-07-11,Pending,2130.00,"Omega 3 (x3) @ 250 | Centrum (x1) @ 420 | Vit C (x1) @ 120 | Centrum (x2) @ 420"
5054,75,"Ahmed Ali",2025-02-18,Completed,1080.00,"Vit C (x2) @ 120 | Centrum (x1) @ 420 | Centrum (x1) @ 420"
5055,76,"Mona Said",2025-10-20,Completed,87.00,"Brufen 400 (x3) @ 29"
5056,16,"Mona Said",2025-05-20,Completed,1090.00,"Centrum (x2) @ 420 | Omega 3 (x1) @ 250"
5057,60,"Rania Ezzat",2025-01-18,Completed,142.00,"Otrivin (x2) @ 42 | Brufen 400 (x2) @ 29"
5058,6,"Khaled Omar",2025-04-01,Completed,750.00,"Omega 3 (x3) @ 250"
5059,90,"Mona Said",2024-12-26,Pending,1501.50,"Centrum (x1) @ 420 | Centrum (x2) @ 420 | Cataflam (x3) @ 38.5 | Otrivin (x3) @ 42"
5060,83,"Khaled Omar",2025-05-28,Completed,1065.00,"Centrum (x2) @ 420 | Panadol Extra (x2) @ 45 | Panadol Extra (x3) @ 45"
5061,84,"Mona Said",2025-08-03,Completed,402.00,"Otrivin (x1) @ 42 | Vit C (x3) @ 120"
5062,30,"Sara Mohamed",2024-12-01,Completed,85.00,"Nivea Cream (x1) @ 85"
5063,69,"Mona Said",2025-05-08,Pending,1009.00,"Centrum (x2) @ 420 | Nivea Cream (x1) @ 85 | Otrivin (x2) @ 42"
5064,56,"Ahmed Ali",2025-09-05,Completed,135.00,"Panadol Extra (x3) @ 45"
5065,53,"Rania Ezzat",2025-05-03,Completed,84.00,"Otrivin (x2) @ 42"
5066,54,"Khaled Omar",2024-12-02,Completed,475.00,"Nivea Cream (x1) @ 85 | Panadol Extra (x2) @ 45 | Panadol Extra (x1) @ 45 | Nivea Cream (x3) @ 85"
5067,45,"Mona Said",2025-02-10,Completed,616.00,"Vit C (x2) @ 120 | Otrivin (x3) @ 42 | Omega 3 (x1) @ 250"
5068,81,"Rania Ezzat",2025-01-05,Completed,260.00,"Panadol Extra (x1) @ 45 | Panadol Extra (x1) @ 45 | Nivea Cream (x2) @ 85"
5069,20,"Rania Ezzat",2025-02-23,Completed,113.00,"Brufen 400 (x1) @ 29 | Otrivin (x2) @ 42"
5070,57,"Rania Ezzat",2025-09-26,Completed,1510.50,"Panadol Extra (x1) @ 45 | Centrum (x3) @ 420 | Panadol Extra (x2) @ 45 | Cataflam (x3) @ 38.5"
5071,23,"Youssef Nabil",2025-05-24,Completed,478.00,"Brufen 400 (x2) @ 29 | Centrum (x1) @ 420"
5072,30,"Rania Ezzat",2025-07-23,Completed,186.50,"Panadol Extra (x2) @ 45 | Brufen 400 (x2) @ 29 | Cataflam (x1) @ 38.5"
5073,83,"Ahmed Ali",2025-01-18,Pending,132.00,"Panadol Extra (x1) @ 45 | Brufen 400 (x3) @ 29"
5074,99,"Khaled Omar",2025-03-22,Completed,244.00,"Panadol Extra (x2) @ 45 | Cataflam (x2) @ 38.5 | Cataflam (x2) @ 38.5"
5075,58,"Sara Mohamed",2025-05-31,Completed,1813.00,"Panadol Extra (x3) @ 45 | Vit C (x3) @ 120 | Brufen 400 (x2) @ 29 | Centrum (x3) @ 420"
5076,33,"Khaled Omar",2025-10-18,Completed,1680.00,"Centrum (x1) @ 420 | Centrum (x3) @ 420"
5077,19,"Khaled Omar",2024-12-26,Completed,1039.50,"Cataflam (x3) @ 38.5 | Otrivin (x2) @ 42 | Centrum (x2) @ 420"
5078,94,"Mona Said",2025-10-18,Completed,1383.50,"Centrum (x3) @ 420 | Nivea Cream (x1) @ 85 | Cataflam (x1) @ 38.5"
5079,81,"Rania Ezzat",2025-06-16,Completed,400.50,"Vit C (x2) @ 120 | Panadol Extra (x1) @ 45 | Cataflam (x3) @ 38.5"
5080,61,"Ahmed Ali",2025-11-03,Completed,635.00,"Panadol Extra (x3) @ 45 | Omega 3 (x2) @ 250"
5081,56,"Rania Ezzat",2025-09-11,Pending,1260.00,"Centrum (x3) @ 420"
5082,62,"Youssef Nabil",2024-12-29,Pending,202.50,"Cataflam (x1) @ 38.5 | Brufen 400 (x1) @ 29 | Panadol Extra (x3) @ 45"
5083,12,"Khaled Omar",2025-10-06,Completed,876.00,"Omega 3 (x3) @ 250 | Otrivin (x3) @ 42"
5084,43,"Rania Ezzat",2025-03-12,Completed,1510.50,"Cataflam (x1) @ 38.5 | Panadol Extra (x3) @ 45 | Centrum (x3) @ 420 | Cataflam (x2) @ 38.5"
5085,89,"Ahmed Ali",2025-03-06,Completed,135.00,"Panadol Extra (x3) @ 45"
5086,75,"Khaled Omar",2025-04-13,Completed,1200.00,"Vit C (x3) @ 120 | Centrum (x2) @ 420"
5087,70,"Sara Mohamed",2025-01-16,Pending,866.00,"Vit C (x1) @ 120 | Otrivin (x3) @ 42 | Omega 3 (x2) @ 250 | Vit C (x1) @ 120"
5088,19,"Rania Ezzat",2025-08-11,Pending,1122.50,"Omega 3 (x3) @ 250 | Brufen 400 (x3) @ 29 | Nivea Cream (x2) @ 85 | Cataflam (x3) @ 38.5"
5089,33,"Ahmed Ali",2025-09-29,Pending,740.00,"Vit C (x1) @ 120 | Omega 3 (x2) @ 250 | Vit C (x1) @ 120"
5090,53,"Youssef Nabil",2025-02-26,Completed,427.00,"Cataflam (x2) @ 38.5 | Panadol Extra (x3) @ 45 | Nivea Cream (x2) @ 85 | Panadol Extra (x1) @ 45"
5091,13,"Youssef Nabil",2025-01-07,Pending,375.50,"Nivea Cream (x2) @ 85 | Panadol Extra (x2) @ 45 | Cataflam (x3) @ 38.5"
5092,48,"Youssef Nabil",2025-08-14,Completed,170.00,"Nivea Cream (x2) @ 85"
5093,37,"Khaled Omar",2025-03-13,Completed,164.00,"Cataflam (x2) @ 38.5 | Brufen 400 (x3) @ 29"
5094,30,"Mona Said",2025-06-16,Completed,45.00,"Panadol Extra (x1) @ 45"
5095,43,"Ahmed Ali",2025-05-23,Completed,58.00,"Brufen 400 (x2) @ 29"
5096,96,"Ahmed Ali",2025-02-10,Completed,1280.00,"Centrum (x1) @ 420 | Vit C (x3) @ 120 | Omega 3 (x2) @ 250"
5097,8,"Youssef Nabil",2025-02-03,Completed,120.00,"Vit C (x1) @ 120"
5098,75,"Khaled Omar",2025-08-15,Completed,87.00,"Brufen 400 (x3) @ 29"
5099,41,"Youssef Nabil",2024-12-10,Completed,398.50,"Vit C (x3) @ 120 | Cataflam (x1) @ 38.5"
5100,26,"Mona Said",2025-03-31,Completed,1620.00,"Vit C (x3) @ 120 | Centrum (x3) @ 420"
5101,12,"Mona Said",2024-12-15,Pending,802.00,"Nivea Cream (x2) @ 85 | Panadol Extra (x2) @ 45 | Otrivin (x1) @ 42 | Omega 3 (x2) @ 250"
5102,15,"Sara Mohamed",2025-04-20,Completed,679.00,"Vit C (x2) @ 120 | Nivea Cream (x3) @ 85 | Brufen 400 (x2) @ 29 | Otrivin (x3) @ 42"
5103,26,"Ahmed Ali",2024-11-22,Pending,120.00,"Vit C (x1) @ 120"
5104,33,"Youssef Nabil",2025-11-09,Completed,408.50,"Vit C (x2) @ 120 | Nivea Cream (x1) @ 85 | Panadol Extra (x1) @ 45 | Cataflam (x1) @ 38.5"
5105,1,"Ahmed Ali",2025-10-15,Pending,485.00,"Nivea Cream (x3) @ 85 | Brufen 400 (x3) @ 29 | Brufen 400 (x2) @ 29 | Nivea Cream (x1) @ 85"
5106,96,"Ahmed Ali",2025-01-13,Completed,115.50,"Cataflam (x3) @ 38.5"
5107,77,"Mona Said",2025-10-02,Completed,1469.00,"Centrum (x3) @ 420 | Brufen 400 (x3) @ 29 | Panadol Extra (x1) @ 45 | Cataflam (x2) @ 38.5"
5108,74,"Rania Ezzat",2025-04-28,Completed,540.00,"Vit C (x1) @ 120 | Centrum (x1) @ 420"
5109,72,"Ahmed Ali",2025-11-17,Completed,1520.00,"Nivea Cream (x2) @ 85 | Centrum (x3) @ 420 | Panadol Extra (x2) @ 45"
5110,8,"Sara Mohamed",2025-04-09,Completed,500.00,"Omega 3 (x2) @ 250"
5111,44,"Ahmed Ali",2025-03-04,Completed,507.00,"Otrivin (x1) @ 42 | Nivea Cream (x3) @ 85 | Otrivin (x2) @ 42 | Otrivin (x3) @ 42"
5112,43,"Sara Mohamed",2025-08-11,Completed,1084.00,"Omega 3 (x1) @ 250 | Omega 3 (x3) @ 250 | Otrivin (x1) @ 42 | Otrivin (x1) @ 42"
5113,78,"Rania Ezzat",2025-07-15,Completed,851.50,"Nivea Cream (x3) @ 85 | Omega 3 (x2) @ 250 | Brufen 400 (x2) @ 29 | Cataflam (x1) @ 38.5"
5114,36,"Khaled Omar",2025-05-13,Completed,213.00,"Otrivin (x2) @ 42 | Otrivin (x2) @ 42 | Panadol Extra (x1) @ 45"
5115,41,"Sara Mohamed",2025-09-06,Pending,1041.00,"Otrivin (x2) @ 42 | Vit C (x1) @ 120 | Brufen 400 (x3) @ 29 | Omega 3 (x3) @ 250"
5116,5,"Rania Ezzat",2025-08-17,Completed,301.50,"Vit C (x1) @ 120 | Cataflam (x1) @ 38.5 | Nivea Cream (x1) @ 85 | Brufen 400 (x2) @ 29"
5117,70,"Sara Mohamed",2025-04-01,Completed,171.00,"Brufen 400 (x3) @ 29 | Otrivin (x2) @ 42"
5118,19,"Ahmed Ali",2025-01-28,Pending,555.00,"Panadol Extra (x3) @ 45 | Centrum (x1) @ 420"
5119,40,"Rania Ezzat",2025-10-21,Completed,840.00,"Centrum (x2) @ 420"
5120,61,"Sara Mohamed",2025-11-20,Completed,45.00,"Panadol Extra (x1) @ 45"
5121,49,"Ahmed Ali",2025-06-21,Completed,84.00,"Otrivin (x2) @ 42"
5122,43,"Sara Mohamed",2025-09-29,Completed,42.00,"Otrivin (x1) @ 42"
5123,11,"Youssef Nabil",2025-06-19,Completed,885.00,"Panadol Extra (x3) @ 45 | Omega 3 (x3) @ 250"
5124,62,"Youssef Nabil",2025-03-11,Completed,304.00,"Otrivin (x2) @ 42 | Panadol Extra (x3) @ 45 | Nivea Cream (x1) @ 85"
5125,61,"Mona Said",2025-01-04,Completed,84.00,"Otrivin (x2) @ 42"
5126,94,"Sara Mohamed",2025-04-02,Pending,1139.50,"Centrum (x2) @ 420 | Brufen 400 (x2) @ 29 | Otrivin (x3) @ 42 | Cataflam (x3) @ 38.5"
5127,37,"Ahmed Ali",2024-11-25,Pending,578.50,"Otrivin (x3) @ 42 | Omega 3 (x1) @ 250 | Brufen 400 (x3) @ 29 | Cataflam (x3) @ 38.5"
5128,8,"Ahmed Ali",2025-08-23,Completed,257.00,"Brufen 400 (x3) @ 29 | Nivea Cream (x2) @ 85"
5129,44,"Youssef Nabil",2025-07-05,Pending,1344.00,"Centrum (x3) @ 420 | Otrivin (x2) @ 42"
5130,93,"Khaled Omar",2025-05-11,Pending,840.00,"Centrum (x2) @ 420"
5131,73,"Rania Ezzat",2025-05-30,Completed,216.00,"Otrivin (x3) @ 42 | Panadol Extra (x2) @ 45"
5132,76,"Ahmed Ali",2025-09-11,Pending,240.00,"Vit C (x2) @ 120"
5133,33,"Rania Ezzat",2025-07-11,Completed,67.50,"Cataflam (x1) @ 38.5 | Brufen 400 (x1) @ 29"
5134,84,"Sara Mohamed",2025-05-06,Completed,1430.00,"Nivea Cream (x2) @ 85 | Centrum (x3) @ 420"
5135,24,"Ahmed Ali",2025-09-05,Completed,255.00,"Nivea Cream (x3) @ 85"
5136,54,"Ahmed Ali",2025-02-07,Completed,87.00,"Brufen 400 (x3) @ 29"
5137,47,"Ahmed Ali",2025-05-29,Completed,120.00,"Vit C (x1) @ 120"
5138,61,"Khaled Omar",2025-02-01,Pending,538.50,"Omega 3 (x1) @ 250 | Omega 3 (x1) @ 250 | Cataflam (x1) @ 38.5"
5139,39,"Ahmed Ali",2025-04-19,Completed,422.00,"Omega 3 (x1) @ 250 | Nivea Cream (x1) @ 85 | Brufen 400 (x3) @ 29"
5140,67,"Youssef Nabil",2025-01-11,Completed,84.00,"Otrivin (x2) @ 42"
5141,50,"Mona Said",2025-06-30,Completed,426.00,"Nivea Cream (x3) @ 85 | Panadol Extra (x1) @ 45 | Otrivin (x3) @ 42"
5142,68,"Mona Said",2025-10-15,Pending,1180.00,"Nivea Cream (x1) @ 85 | Nivea Cream (x1) @ 85 | Nivea Cream (x2) @ 85 | Centrum (x2) @ 420"
5143,21,"Youssef Nabil",2024-11-30,Completed,132.00,"Brufen 400 (x2) @ 29 | Panadol Extra (x1) @ 45 | Brufen 400 (x1) @ 29"
5144,80,"Mona Said",2025-08-09,Completed,120.00,"Vit C (x1) @ 120"
5145,73,"Youssef Nabil",2025-05-01,Completed,135.00,"Panadol Extra (x3) @ 45"
5146,26,"Khaled Omar",2025-07-14,Completed,1078.50,"Omega 3 (x2) @ 250 | Centrum (x1) @ 420 | Cataflam (x1) @ 38.5 | Vit C (x1) @ 120"
5147,65,"Youssef Nabil",2025-06-15,Pending,562.50,"Vit C (x1) @ 120 | Vit C (x2) @ 120 | Brufen 400 (x3) @ 29 | Cataflam (x3) @ 38.5"
5148,77,"Rania Ezzat",2025-04-08,Completed,1565.00,"Cataflam (x2) @ 38.5 | Brufen 400 (x2) @ 29 | Centrum (x3) @ 420 | Nivea Cream (x2) @ 85"
5149,67,"Rania Ezzat",2025-05-12,Completed,58.00,"Brufen 400 (x2) @ 29"
5150,87,"Youssef Nabil",2025-02-08,Completed,160.50,"Cataflam (x3) @ 38.5 | Panadol Extra (x1) @ 45"
5151,26,"Sara Mohamed",2025-04-30,Pending,700.00,"Vit C (x3) @ 120 | Omega 3 (x1) @ 250 | Panadol Extra (x2) @ 45"
5152,30,"Rania Ezzat",2025-07-27,Completed,310.00,"Brufen 400 (x1) @ 29 | Otrivin (x2) @ 42 | Cataflam (x2) @ 38.5 | Vit C (x1) @ 120"
5153,33,"Sara Mohamed",2025-05-16,Completed,126.00,"Otrivin (x3) @ 42"
5154,55,"Ahmed Ali",2025-04-12,Completed,225.00,"Panadol Extra (x2) @ 45 | Panadol Extra (x3) @ 45"
5155,99,"Khaled Omar",2025-07-11,Completed,255.00,"Nivea Cream (x3) @ 85"
5156,9,"Mona Said",2025-09-08,Completed,885.00,"Panadol Extra (x3) @ 45 | Omega 3 (x3) @ 250"
5157,71,"Ahmed Ali",2025-02-08,Completed,216.00,"Panadol Extra (x2) @ 45 | Otrivin (x3) @ 42"
5158,88,"Mona Said",2025-07-19,Completed,615.00,"Vit C (x3) @ 120 | Panadol Extra (x3) @ 45 | Vit C (x1) @ 120"
5159,51,"Sara Mohamed",2025-06-29,Pending,42.00,"Otrivin (x1) @ 42"
5160,88,"Rania Ezzat",2025-11-16,Completed,1515.00,"Nivea Cream (x3) @ 85 | Centrum (x3) @ 420"
5161,100,"Mona Said",2025-05-13,Pending,1517.00,"Centrum (x3) @ 420 | Nivea Cream (x2) @ 85 | Brufen 400 (x3) @ 29"
5162,78,"Rania Ezzat",2025-01-21,Pending,546.00,"Centrum (x1) @ 420 | Otrivin (x3) @ 42"
5163,4,"Rania Ezzat",2025-08-16,Completed,120.00,"Vit C (x1) @ 120"
5164,20,"Youssef Nabil",2024-11-25,Pending,1424.00,"Omega 3 (x3) @ 250 | Otrivin (x2) @ 42 | Panadol Extra (x2) @ 45 | Omega 3 (x2) @ 250"
5165,32,"Sara Mohamed",2025-10-25,Pending,608.00,"Otrivin (x2) @ 42 | Cataflam (x2) @ 38.5 | Brufen 400 (x3) @ 29 | Vit C (x3) @ 120"
5166,89,"Mona Said",2025-03-27,Completed,754.00,"Omega 3 (x1) @ 250 | Otrivin (x2) @ 42 | Centrum (x1) @ 420"
5167,21,"Rania Ezzat",2025-04-14,Completed,1584.00,"Otrivin (x2) @ 42 | Vit C (x2) @ 120 | Centrum (x3) @ 420"
5168,84,"Sara Mohamed",2025-02-05,Completed,741.00,"Panadol Extra (x3) @ 45 | Cataflam (x2) @ 38.5 | Omega 3 (x2) @ 250 | Brufen 400 (x1) @ 29"
5169,38,"Rania Ezzat",2025-08-07,Pending,420.00,"Centrum (x1) @ 420"
5170,33,"Mona Said",2024-12-12,Completed,1405.00,"Brufen 400 (x2) @ 29 | Centrum (x3) @ 420 | Brufen 400 (x3) @ 29"
5171,17,"Ahmed Ali",2025-08-23,Completed,1972.00,"Omega 3 (x2) @ 250 | Centrum (x3) @ 420 | Panadol Extra (x3) @ 45 | Cataflam (x2) @ 38.5"
5172,49,"Sara Mohamed",2025-07-21,Pending,84.00,"Otrivin (x2) @ 42"
5173,85,"Sara Mohamed",2025-09-09,Completed,1036.50,"Cataflam (x3) @ 38.5 | Omega 3 (x3) @ 250 | Otrivin (x2) @ 42 | Brufen 400 (x3) @ 29"
5174,86,"Sara Mohamed",2025-01-05,Completed,1589.00,"Otrivin (x3) @ 42 | Otrivin (x3) @ 42 | Cataflam (x2) @ 38.5 | Centrum (x3) @ 420"
5175,78,"Sara Mohamed",2025-09-03,Completed,779.00,"Omega 3 (x3) @ 250 | Brufen 400 (x1) @ 29"
5176,94,"Youssef Nabil",2025-08-29,Completed,135.00,"Panadol Extra (x3) @ 45"
5177,37,"Ahmed Ali",2025-09-18,Completed,2520.00,"Centrum (x3) @ 420 | Centrum (x1) @ 420 | Panadol Extra (x2) @ 45 | Omega 3 (x3) @ 250"
5178,22,"Khaled Omar",2025-10-30,Completed,169.00,"Otrivin (x2) @ 42 | Nivea Cream (x1) @ 85"
5179,73,"Mona Said",2025-09-09,Pending,498.50,"Cataflam (x1) @ 38.5 | Brufen 400 (x2) @ 29 | Vit C (x3) @ 120 | Otrivin (x1) @ 42"
5180,16,"Mona Said",2025-09-01,Completed,879.00,"Panadol Extra (x1) @ 45 | Otrivin (x2) @ 42 | Omega 3 (x3) @ 250"
5181,39,"Khaled Omar",2025-02-28,Completed,635.00,"Omega 3 (x2) @ 250 | Cataflam (x2) @ 38.5 | Brufen 400 (x2) @ 29"
5182,32,"Ahmed Ali",2024-12-23,Completed,1750.50,"Vit C (x1) @ 120 | Cataflam (x3) @ 38.5 | Centrum (x3) @ 420 | Nivea Cream (x3) @ 85"
5183,1,"Sara Mohamed",2025-08-18,Completed,2352.00,"Nivea Cream (x3) @ 85 | Centrum (x3) @ 420 | Brufen 400 (x3) @ 29 | Omega 3 (x3) @ 250"
5184,32,"Khaled Omar",2025-03-12,Completed,135.00,"Brufen 400 (x2) @ 29 | Cataflam (x1) @ 38.5 | Cataflam (x1) @ 38.5"
5185,10,"Rania Ezzat",2025-08-19,Completed,170.00,"Nivea Cream (x2) @ 85"
5186,51,"Sara Mohamed",2025-11-11,Completed,695.50,"Vit C (x2) @ 120 | Nivea Cream (x3) @ 85 | Nivea Cream (x1) @ 85 | Cataflam (x3) @ 38.5"
5187,84,"Khaled Omar",2024-12-14,Pending,87.00,"Brufen 400 (x3) @ 29"
5188,84,"Mona Said",2025-11-06,Completed,240.00,"Vit C (x2) @ 120"
5189,95,"Ahmed Ali",2025-02-05,Completed,984.50,"Centrum (x2) @ 420 | Brufen 400 (x1) @ 29 | Cataflam (x3) @ 38.5"
5190,6,"Rania Ezzat",2025-09-11,Pending,420.00,"Centrum (x1) @ 420"
5191,15,"Khaled Omar",2025-08-03,Completed,340.50,"Otrivin (x1) @ 42 | Panadol Extra (x2) @ 45 | Nivea Cream (x2) @ 85 | Cataflam (x1) @ 38.5"
5192,86,"Mona Said",2025-09-26,Completed,2520.00,"Centrum (x3) @ 420 | Centrum (x3) @ 420"
5193,96,"Sara Mohamed",2025-10-11,Completed,135.00,"Panadol Extra (x3) @ 45"
5194,88,"Mona Said",2025-04-28,Pending,914.00,"Cataflam (x2) @ 38.5 | Brufen 400 (x3) @ 29 | Omega 3 (x3) @ 250"
5195,28,"Ahmed Ali",2025-10-06,Completed,970.00,"Omega 3 (x1) @ 250 | Vit C (x3) @ 120 | Vit C (x3) @ 120"
5196,21,"Sara Mohamed",2025-03-14,Pending,524.00,"Omega 3 (x1) @ 250 | Panadol Extra (x2) @ 45 | Otrivin (x3) @ 42 | Brufen 400 (x2) @ 29"
5197,39,"Khaled Omar",2025-10-21,Pending,1532.00,"Omega 3 (x2) @ 250 | Otrivin (x1) @ 42 | Vit C (x2) @ 120 | Omega 3 (x3) @ 250"
5198,26,"Rania Ezzat",2025-03-28,Completed,1260.00,"Centrum (x3) @ 420"
5199,42,"Youssef Nabil",2025-07-09,Completed,780.00,"Vit C (x3) @ 120 | Centrum (x1) @ 420"
5200,71,"Sara Mohamed",2025-05-31,Completed,404.50,"Vit C (x2) @ 120 | Otrivin (x3) @ 42 | Cataflam (x1) @ 38.5"
5201,58,"Khaled Omar",2024-12-02,Completed,1133.50,"Centrum (x2) @ 420 | Panadol Extra (x3) @ 45 | Vit C (x1) @ 120 | Cataflam (x1) @ 38.5"
5202,85,"Sara Mohamed",2024-12-10,Completed,750.00,"Omega 3 (x2) @ 250 | Omega 3 (x1) @ 250"
5203,47,"Khaled Omar",2025-11-13,Completed,1770.00,"Nivea Cream (x3) @ 85 | Nivea Cream (x3) @ 85 | Centrum (x3) @ 420"
5204,56,"Sara Mohamed",2025-11-07,Completed,135.00,"Panadol Extra (x3) @ 45"
5205,21,"Mona Said",2025-04-13,Completed,1465.00,"Centrum (x2) @ 420 | Nivea Cream (x1) @ 85 | Vit C (x1) @ 120 | Centrum (x1) @ 420"
5206,95,"Khaled Omar",2025-07-24,Completed,924.00,"Otrivin (x2) @ 42 | Centrum (x2) @ 420"
5207,68,"Sara Mohamed",2025-06-19,Completed,360.00,"Vit C (x3) @ 120"
5208,20,"Ahmed Ali",2025-05-23,Completed,87.00,"Brufen 400 (x2) @ 29 | Brufen 400 (x1) @ 29"
5209,35,"Ahmed Ali",2025-05-04,Completed,366.00,"Otrivin (x3) @ 42 | Vit C (x2) @ 120"
5210,93,"Khaled Omar",2025-11-01,Completed,360.00,"Vit C (x3) @ 120"
5211,32,"Rania Ezzat",2025-06-30,Completed,240.00,"Vit C (x2) @ 120"
5212,95,"Sara Mohamed",2025-10-04,Completed,1580.00,"Vit C (x2) @ 120 | Centrum (x2) @ 420 | Omega 3 (x2) @ 250"
5213,34,"Youssef Nabil",2025-10-07,Completed,58.00,"Brufen 400 (x2) @ 29"
5214,46,"Mona Said",2025-05-21,Completed,912.00,"Otrivin (x1) @ 42 | Vit C (x1) @ 120 | Omega 3 (x3) @ 250"
5215,96,"Rania Ezzat",2025-10-10,Completed,85.00,"Nivea Cream (x1) @ 85"
5216,58,"Sara Mohamed",2025-08-04,Completed,1796.00,"Centrum (x3) @ 420 | Brufen 400 (x2) @ 29 | Centrum (x1) @ 420 | Brufen 400 (x2) @ 29"
5217,93,"Sara Mohamed",2025-07-01,Completed,351.00,"Otrivin (x2) @ 42 | Brufen 400 (x3) @ 29 | Panadol Extra (x1) @ 45 | Panadol Extra (x3) @ 45"
5218,54,"Rania Ezzat",2025-01-15,Completed,525.50,"Nivea Cream (x2) @ 85 | Cataflam (x3) @ 38.5 | Vit C (x2) @ 120"
5219,78,"Khaled Omar",2025-08-09,Completed,180.00,"Panadol Extra (x2) @ 45 | Panadol Extra (x2) @ 45"
5220,27,"Khaled Omar",2025-06-07,Completed,450.50,"Omega 3 (x1) @ 250 | Cataflam (x3) @ 38.5 | Nivea Cream (x1) @ 85"
5221,14,"Youssef Nabil",2025-08-10,Pending,250.00,"Omega 3 (x1) @ 250"
5222,66,"Youssef Nabil",2025-11-16,Pending,420.00,"Centrum (x1) @ 420"
5223,37,"Youssef Nabil",2025-03-07,Pending,1893.00,"Brufen 400 (x3) @ 29 | Otrivin (x3) @ 42 | Centrum (x2) @ 420 | Centrum (x2) @ 420"
5224,1,"Mona Said",2025-03-17,Completed,542.00,"Otrivin (x1) @ 42 | Omega 3 (x2) @ 250"
5225,75,"Rania Ezzat",2025-10-11,Completed,180.00,"Panadol Extra (x1) @ 45 | Panadol Extra (x3) @ 45"
5226,88,"Ahmed Ali",2025-06-09,Completed,285.00,"Panadol Extra (x1) @ 45 | Vit C (x2) @ 120"
5227,94,"Ahmed Ali",2024-12-20,Completed,725.00,"Omega 3 (x2) @ 250 | Panadol Extra (x3) @ 45 | Panadol Extra (x2) @ 45"
5228,66,"Ahmed Ali",2025-10-17,Pending,480.00,"Vit C (x2) @ 120 | Vit C (x2) @ 120"
5229,62,"Sara Mohamed",2025-07-13,Completed,360.00,"Vit C (x3) @ 120"
5230,42,"Sara Mohamed",2024-12-26,Completed,192.50,"Cataflam (x2) @ 38.5 | Cataflam (x3) @ 38.5"
5231,24,"Sara Mohamed",2025-07-31,Completed,780.00,"Centrum (x1) @ 420 | Vit C (x3) @ 120"
5232,31,"Ahmed Ali",2025-08-18,Completed,87.00,"Brufen 400 (x1) @ 29 | Brufen 400 (x2) @ 29"
5233,69,"Mona Said",2025-03-24,Completed,29.00,"Brufen 400 (x1) @ 29"
5234,99,"Sara Mohamed",2025-02-11,Completed,38.50,"Cataflam (x1) @ 38.5"
5235,40,"Khaled Omar",2025-06-27,Completed,1958.50,"Vit C (x2) @ 120 | Centrum (x1) @ 420 | Cataflam (x1) @ 38.5 | Centrum (x3) @ 420"
5236,88,"Ahmed Ali",2025-05-27,Completed,293.50,"Panadol Extra (x1) @ 45 | Cataflam (x1) @ 38.5 | Otrivin (x3) @ 42 | Otrivin (x2) @ 42"
5237,72,"Ahmed Ali",2025-07-28,Completed,127.00,"Nivea Cream (x1) @ 85 | Otrivin (x1) @ 42"
5238,21,"Sara Mohamed",2025-07-28,Pending,1465.00,"Omega 3 (x1) @ 250 | Centrum (x2) @ 420 | Vit C (x2) @ 120 | Panadol Extra (x3) @ 45"
5239,92,"Khaled Omar",2025-07-27,Pending,211.00,"Otrivin (x3) @ 42 | Nivea Cream (x1) @ 85"
5240,74,"Rania Ezzat",2025-09-26,Completed,196.00,"Brufen 400 (x1) @ 29 | Panadol Extra (x2) @ 45 | Cataflam (x2) @ 38.5"
5241,74,"Ahmed Ali",2025-03-31,Completed,854.00,"Omega 3 (x2) @ 250 | Brufen 400 (x1) @ 29 | Nivea Cream (x1) @ 85 | Vit C (x2) @ 120"
5242,43,"Rania Ezzat",2025-09-16,Completed,87.00,"Brufen 400 (x3) @ 29"
5243,14,"Rania Ezzat",2025-05-07,Completed,900.00,"Centrum (x1) @ 420 | Vit C (x2) @ 120 | Vit C (x2) @ 120"
5244,43,"Mona Said",2025-07-26,Completed,365.50,"Omega 3 (x1) @ 250 | Cataflam (x3) @ 38.5"
5245,8,"Rania Ezzat",2025-09-17,Pending,1486.00,"Omega 3 (x3) @ 250 | Omega 3 (x1) @ 250 | Otrivin (x3) @ 42 | Vit C (x3) @ 120"
5246,57,"Sara Mohamed",2024-12-23,Completed,800.50,"Nivea Cream (x3) @ 85 | Centrum (x1) @ 420 | Cataflam (x1) @ 38.5 | Brufen 400 (x3) @ 29"
5247,62,"Sara Mohamed",2025-10-12,Pending,425.00,"Nivea Cream (x3) @ 85 | Nivea Cream (x2) @ 85"
5248,86,"Khaled Omar",2025-03-14,Completed,87.00,"Brufen 400 (x3) @ 29"
5249,87,"Ahmed Ali",2025-02-26,Completed,413.50,"Vit C (x2) @ 120 | Cataflam (x1) @ 38.5 | Panadol Extra (x3) @ 45"
5250,42,"Khaled Omar",2025-03-03,Pending,85.00,"Nivea Cream (x1) @ 85"
5251,15,"Sara Mohamed",2025-07-20,Completed,532.50,"Nivea Cream (x2) @ 85 | Otrivin (x2) @ 42 | Vit C (x2) @ 120 | Cataflam (x1) @ 38.5"
5252,88,"Rania Ezzat",2025-08-17,Completed,1430.00,"Nivea Cream (x2) @ 85 | Omega 3 (x1) @ 250 | Nivea Cream (x2) @ 85 | Centrum (x2) @ 420"
5253,81,"Youssef Nabil",2025-05-11,Pending,737.00,"Centrum (x1) @ 420 | Cataflam (x2) @ 38.5 | Vit C (x2) @ 120"
5254,60,"Rania Ezzat",2025-04-20,Pending,281.00,"Panadol Extra (x1) @ 45 | Brufen 400 (x1) @ 29 | Brufen 400 (x3) @ 29 | Vit C (x1) @ 120"
5255,34,"Rania Ezzat",2025-08-27,Pending,1602.00,"Centrum (x3) @ 420 | Vit C (x1) @ 120 | Panadol Extra (x3) @ 45 | Brufen 400 (x3) @ 29"
5256,94,"Sara Mohamed",2025-09-08,Completed,420.00,"Centrum (x1) @ 420"
5257,55,"Sara Mohamed",2025-06-18,Completed,85.00,"Nivea Cream (x1) @ 85"
5258,95,"Rania Ezzat",2024-12-23,Completed,42.00,"Otrivin (x1) @ 42"
5259,40,"Mona Said",2025-04-25,Completed,1625.50,"Nivea Cream (x2) @ 85 | Cataflam (x3) @ 38.5 | Centrum (x2) @ 420 | Omega 3 (x2) @ 250"
5260,67,"Mona Said",2025-09-26,Completed,930.00,"Panadol Extra (x2) @ 45 | Centrum (x2) @ 420"
5261,30,"Ahmed Ali",2025-05-15,Completed,1038.00,"Cataflam (x2) @ 38.5 | Nivea Cream (x1) @ 85 | Otrivin (x3) @ 42 | Omega 3 (x3) @ 250"
5262,95,"Ahmed Ali",2025-10-11,Completed,84.00,"Otrivin (x2) @ 42"
5263,39,"Khaled Omar",2025-04-22,Completed,584.00,"Omega 3 (x2) @ 250 | Otrivin (x2) @ 42"
5264,34,"Khaled Omar",2025-08-11,Completed,554.00,"Vit C (x2) @ 120 | Brufen 400 (x1) @ 29 | Vit C (x2) @ 120 | Panadol Extra (x1) @ 45"
5265,59,"Youssef Nabil",2025-03-15,Completed,429.00,"Vit C (x1) @ 120 | Brufen 400 (x3) @ 29 | Brufen 400 (x3) @ 29 | Panadol Extra (x3) @ 45"
5266,68,"Rania Ezzat",2024-12-31,Completed,1457.00,"Centrum (x2) @ 420 | Vit C (x1) @ 120 | Centrum (x1) @ 420 | Cataflam (x2) @ 38.5"
5267,80,"Youssef Nabil",2025-09-14,Completed,771.00,"Cataflam (x3) @ 38.5 | Cataflam (x3) @ 38.5 | Vit C (x1) @ 120 | Centrum (x1) @ 420"
5268,62,"Rania Ezzat",2025-07-19,Completed,666.00,"Vit C (x2) @ 120 | Panadol Extra (x1) @ 45 | Nivea Cream (x3) @ 85 | Otrivin (x3) @ 42"
5269,69,"Rania Ezzat",2025-06-01,Completed,1081.50,"Otrivin (x3) @ 42 | Centrum (x2) @ 420 | Cataflam (x2) @ 38.5 | Cataflam (x1) @ 38.5"
5270,28,"Sara Mohamed",2025-11-12,Pending,1203.00,"Omega 3 (x1) @ 250 | Omega 3 (x3) @ 250 | Otrivin (x3) @ 42 | Cataflam (x2) @ 38.5"
5271,97,"Youssef Nabil",2025-07-24,Completed,58.00,"Brufen 400 (x2) @ 29"
5272,60,"Mona Said",2025-05-30,Completed,908.00,"Omega 3 (x2) @ 250 | Vit C (x2) @ 120 | Otrivin (x3) @ 42 | Otrivin (x1) @ 42"
5273,20,"Khaled Omar",2025-01-19,Completed,620.00,"Otrivin (x3) @ 42 | Vit C (x2) @ 120 | Nivea Cream (x2) @ 85 | Otrivin (x2) @ 42"
5274,93,"Mona Said",2025-09-14,Completed,58.00,"Brufen 400 (x2) @ 29"
5275,14,"Youssef Nabil",2024-12-31,Completed,2361.00,"Panadol Extra (x3) @ 45 | Centrum (x2) @ 420 | Otrivin (x3) @ 42 | Centrum (x3) @ 420"
5276,40,"Rania Ezzat",2025-01-17,Pending,367.00,"Vit C (x1) @ 120 | Cataflam (x2) @ 38.5 | Nivea Cream (x1) @ 85 | Nivea Cream (x1) @ 85"
5277,33,"Mona Said",2025-06-20,Completed,42.00,"Otrivin (x1) @ 42"
5278,98,"Khaled Omar",2025-01-04,Completed,1260.00,"Centrum (x3) @ 420"
5279,17,"Rania Ezzat",2025-01-24,Completed,115.50,"Cataflam (x3) @ 38.5"
5280,78,"Khaled Omar",2024-12-12,Completed,2190.00,"Centrum (x3) @ 420 | Panadol Extra (x2) @ 45 | Centrum (x2) @ 420"
5281,17,"Khaled Omar",2025-03-24,Completed,1590.00,"Omega 3 (x2) @ 250 | Omega 3 (x1) @ 250 | Centrum (x2) @ 420"
5282,77,"Sara Mohamed",2024-12-04,Completed,254.00,"Nivea Cream (x2) @ 85 | Otrivin (x2) @ 42"
5283,6,"Mona Said",2025-10-18,Completed,84.00,"Otrivin (x2) @ 42"
5284,19,"Ahmed Ali",2025-02-05,Completed,244.00,"Nivea Cream (x1) @ 85 | Brufen 400 (x1) @ 29 | Nivea Cream (x1) @ 85 | Panadol Extra (x1) @ 45"
5285,100,"Mona Said",2025-02-11,Completed,83.50,"Cataflam (x1) @ 38.5 | Panadol Extra (x1) @ 45"
5286,47,"Mona Said",2025-01-23,Pending,1378.50,"Cataflam (x1) @ 38.5 | Omega 3 (x2) @ 250 | Centrum (x2) @ 420"
5287,95,"Khaled Omar",2025-11-03,Pending,885.00,"Panadol Extra (x3) @ 45 | Omega 3 (x3) @ 250"
5288,10,"Mona Said",2025-05-11,Pending,1110.00,"Omega 3 (x2) @ 250 | Vit C (x3) @ 120 | Omega 3 (x1) @ 250"
5289,30,"Sara Mohamed",2025-05-24,Completed,115.50,"Cataflam (x3) @ 38.5"
5290,81,"Mona Said",2025-03-18,Completed,675.00,"Centrum (x1) @ 420 | Nivea Cream (x3) @ 85"
5291,64,"Khaled Omar",2025-10-23,Pending,569.00,"Otrivin (x1) @ 42 | Panadol Extra (x2) @ 45 | Cataflam (x2) @ 38.5 | Vit C (x3) @ 120"
5292,58,"Mona Said",2025-05-10,Completed,120.00,"Vit C (x1) @ 120"
5293,92,"Rania Ezzat",2024-12-15,Completed,700.00,"Panadol Extra (x2) @ 45 | Omega 3 (x1) @ 250 | Vit C (x3) @ 120"
5294,60,"Ahmed Ali",2025-09-05,Pending,790.50,"Panadol Extra (x3) @ 45 | Centrum (x1) @ 420 | Vit C (x1) @ 120 | Cataflam (x3) @ 38.5"
5295,7,"Sara Mohamed",2025-01-06,Completed,203.00,"Cataflam (x2) @ 38.5 | Otrivin (x3) @ 42"
5296,56,"Ahmed Ali",2025-09-03,Completed,285.50,"Nivea Cream (x2) @ 85 | Cataflam (x1) @ 38.5 | Cataflam (x2) @ 38.5"
5297,75,"Ahmed Ali",2025-10-20,Pending,1459.00,"Otrivin (x1) @ 42 | Centrum (x2) @ 420 | Cataflam (x2) @ 38.5 | Omega 3 (x2) @ 250"
5298,23,"Mona Said",2025-05-23,Pending,306.00,"Panadol Extra (x2) @ 45 | Panadol Extra (x2) @ 45 | Otrivin (x3) @ 42"
5299,18,"Ahmed Ali",2025-01-03,Pending,45.00,"Panadol Extra (x1) @ 45"
5300,21,"Youssef Nabil",2025-05-08,Pending,285.50,"Nivea Cream (x2) @ 85 | Cataflam (x3) @ 38.5"
5301,43,"Rania Ezzat",2025-09-05,Pending,144.50,"Cataflam (x3) @ 38.5 | Brufen 400 (x1) @ 29"
5302,13,"Mona Said",2025-09-10,Completed,1092.00,"Vit C (x1) @ 120 | Otrivin (x1) @ 42 | Panadol Extra (x2) @ 45 | Centrum (x2) @ 420"
5303,56,"Khaled Omar",2025-11-08,Completed,360.00,"Vit C (x3) @ 120"
5304,24,"Rania Ezzat",2025-05-05,Completed,834.00,"Otrivin (x2) @ 42 | Omega 3 (x3) @ 250"
5305,7,"Ahmed Ali",2025-09-20,Pending,132.00,"Brufen 400 (x3) @ 29 | Panadol Extra (x1) @ 45"
5306,91,"Ahmed Ali",2025-08-11,Completed,795.00,"Omega 3 (x2) @ 250 | Panadol Extra (x1) @ 45 | Omega 3 (x1) @ 250"
5307,41,"Youssef Nabil",2025-09-07,Pending,920.00,"Nivea Cream (x2) @ 85 | Omega 3 (x3) @ 250"
5308,21,"Ahmed Ali",2025-01-08,Completed,667.00,"Vit C (x3) @ 120 | Nivea Cream (x1) @ 85 | Brufen 400 (x3) @ 29 | Panadol Extra (x3) @ 45"
5309,96,"Ahmed Ali",2024-12-24,Completed,240.00,"Vit C (x2) @ 120"
5310,52,"Ahmed Ali",2025-10-08,Completed,87.00,"Brufen 400 (x3) @ 29"
5311,49,"Khaled Omar",2025-04-03,Completed,213.00,"Otrivin (x3) @ 42 | Brufen 400 (x3) @ 29"
5312,39,"Sara Mohamed",2025-08-01,Completed,1757.00,"Cataflam (x2) @ 38.5 | Centrum (x2) @ 420 | Centrum (x2) @ 420"
5313,80,"Mona Said",2025-08-10,Completed,317.00,"Vit C (x1) @ 120 | Vit C (x1) @ 120 | Cataflam (x2) @ 38.5"
5314,22,"Youssef Nabil",2025-03-05,Completed,1466.00,"Otrivin (x3) @ 42 | Nivea Cream (x2) @ 85 | Omega 3 (x3) @ 250 | Centrum (x1) @ 420"
5315,22,"Mona Said",2025-09-03,Completed,1335.00,"Panadol Extra (x3) @ 45 | Centrum (x2) @ 420 | Vit C (x3) @ 120"
5316,52,"Youssef Nabil",2025-07-06,Completed,325.00,"Vit C (x1) @ 120 | Nivea Cream (x1) @ 85 | Vit C (x1) @ 120"
5317,53,"Youssef Nabil",2025-11-16,Pending,845.00,"Nivea Cream (x3) @ 85 | Centrum (x1) @ 420 | Nivea Cream (x2) @ 85"
5318,60,"Mona Said",2025-08-21,Pending,199.50,"Cataflam (x3) @ 38.5 | Otrivin (x2) @ 42"
5319,71,"Rania Ezzat",2025-04-23,Completed,284.00,"Brufen 400 (x1) @ 29 | Nivea Cream (x3) @ 85"
5320,37,"Youssef Nabil",2025-07-24,Completed,381.00,"Nivea Cream (x2) @ 85 | Nivea Cream (x1) @ 85 | Otrivin (x3) @ 42"
5321,6,"Youssef Nabil",2025-04-29,Pending,369.00,"Omega 3 (x1) @ 250 | Panadol Extra (x2) @ 45 | Brufen 400 (x1) @ 29"
5322,70,"Rania Ezzat",2025-04-03,Completed,45.00,"Panadol Extra (x1) @ 45"
5323,72,"Mona Said",2025-07-16,Completed,155.00,"Brufen 400 (x1) @ 29 | Otrivin (x3) @ 42"
5324,40,"Rania Ezzat",2025-03-24,Completed,84.00,"Otrivin (x2) @ 42"
5325,58,"Sara Mohamed",2025-09-08,Completed,1517.00,"Nivea Cream (x2) @ 85 | Centrum (x3) @ 420 | Brufen 400 (x3) @ 29"
5326,13,"Khaled Omar",2024-11-23,Completed,472.50,"Vit C (x3) @ 120 | Panadol Extra (x1) @ 45 | Brufen 400 (x1) @ 29 | Cataflam (x1) @ 38.5"
5327,48,"Sara Mohamed",2025-09-23,Completed,85.00,"Nivea Cream (x1) @ 85"
5328,17,"Mona Said",2024-12-24,Pending,1136.00,"Centrum (x2) @ 420 | Nivea Cream (x2) @ 85 | Otrivin (x3) @ 42"
5329,84,"Youssef Nabil",2025-03-25,Completed,750.00,"Omega 3 (x1) @ 250 | Omega 3 (x2) @ 250"
5330,19,"Rania Ezzat",2025-08-14,Pending,1347.00,"Brufen 400 (x2) @ 29 | Centrum (x3) @ 420 | Brufen 400 (x1) @ 29"
5331,22,"Youssef Nabil",2025-08-06,Completed,87.00,"Brufen 400 (x3) @ 29"
5332,30,"Mona Said",2025-05-05,Completed,42.00,"Otrivin (x1) @ 42"
5333,37,"Sara Mohamed",2025-09-18,Completed,38.50,"Cataflam (x1) @ 38.5"
5334,26,"Mona Said",2025-08-12,Completed,500.00,"Omega 3 (x2) @ 250"
5335,96,"Youssef Nabil",2025-07-21,Completed,360.00,"Vit C (x2) @ 120 | Vit C (x1) @ 120"
5336,27,"Rania Ezzat",2025-06-13,Completed,278.50,"Cataflam (x1) @ 38.5 | Vit C (x2) @ 120"
5337,68,"Rania Ezzat",2025-09-09,Completed,297.00,"Nivea Cream (x3) @ 85 | Otrivin (x1) @ 42"
5338,39,"Ahmed Ali",2025-07-02,Completed,1496.00,"Vit C (x1) @ 120 | Omega 3 (x2) @ 250 | Omega 3 (x3) @ 250 | Otrivin (x3) @ 42"
5339,62,"Ahmed Ali",2025-01-27,Pending,170.00,"Nivea Cream (x2) @ 85"
5340,38,"Rania Ezzat",2025-03-07,Completed,255.00,"Nivea Cream (x1) @ 85 | Nivea Cream (x2) @ 85"
5341,20,"Rania Ezzat",2025-09-25,Completed,370.00,"Vit C (x1) @ 120 | Omega 3 (x1) @ 250"
5342,89,"Rania Ezzat",2025-03-17,Pending,342.00,"Brufen 400 (x1) @ 29 | Nivea Cream (x3) @ 85 | Brufen 400 (x2) @ 29"
5343,8,"Rania Ezzat",2025-04-11,Pending,77.00,"Cataflam (x1) @ 38.5 | Cataflam (x1) @ 38.5"
5344,24,"Mona Said",2025-01-15,Completed,29.00,"Brufen 400 (x1) @ 29"
5345,79,"Youssef Nabil",2025-07-31,Pending,340.00,"Nivea Cream (x2) @ 85 | Nivea Cream (x2) @ 85"
5346,30,"Ahmed Ali",2025-06-29,Completed,420.00,"Centrum (x1) @ 420"
5347,22,"Youssef Nabil",2025-02-14,Completed,29.00,"Brufen 400 (x1) @ 29"
5348,66,"Ahmed Ali",2025-10-10,Completed,945.00,"Nivea Cream (x3) @ 85 | Panadol Extra (x3) @ 45 | Centrum (x1) @ 420 | Panadol Extra (x3) @ 45"
5349,59,"Mona Said",2025-01-11,Completed,1014.50,"Cataflam (x3) @ 38.5 | Vit C (x1) @ 120 | Brufen 400 (x1) @ 29 | Omega 3 (x3) @ 250"
5350,64,"Khaled Omar",2025-06-29,Completed,255.00,"Panadol Extra (x3) @ 45 | Vit C (x1) @ 120"
5351,47,"Mona Said",2025-11-08,Completed,500.00,"Omega 3 (x2) @ 250"
5352,93,"Mona Said",2025-09-19,Completed,414.00,"Nivea Cream (x1) @ 85 | Brufen 400 (x1) @ 29 | Panadol Extra (x1) @ 45 | Nivea Cream (x3) @ 85"
5353,91,"Ahmed Ali",2025-08-10,Pending,1767.00,"Brufen 400 (x3) @ 29 | Centrum (x2) @ 420 | Centrum (x2) @ 420"
5354,42,"Ahmed Ali",2025-04-12,Completed,497.00,"Centrum (x1) @ 420 | Cataflam (x2) @ 38.5"
5355,30,"Ahmed Ali",2025-10-10,Completed,607.00,"Vit C (x3) @ 120 | Cataflam (x2) @ 38.5 | Nivea Cream (x2) @ 85"
5356,3,"Youssef Nabil",2025-02-28,Completed,1225.50,"Cataflam (x2) @ 38.5 | Omega 3 (x3) @ 250 | Cataflam (x1) @ 38.5 | Vit C (x3) @ 120"
5357,96,"Mona Said",2024-12-02,Completed,1035.00,"Omega 3 (x3) @ 250 | Vit C (x2) @ 120 | Panadol Extra (x1) @ 45"
5358,5,"Youssef Nabil",2025-10-21,Completed,450.00,"Panadol Extra (x2) @ 45 | Vit C (x3) @ 120"
5359,12,"Mona Said",2025-04-29,Completed,250.00,"Omega 3 (x1) @ 250"
5360,69,"Youssef Nabil",2025-02-11,Completed,229.00,"Panadol Extra (x1) @ 45 | Otrivin (x3) @ 42 | Brufen 400 (x2) @ 29"
5361,33,"Rania Ezzat",2025-10-01,Pending,930.00,"Centrum (x2) @ 420 | Panadol Extra (x2) @ 45"
5362,87,"Youssef Nabil",2025-05-19,Completed,1260.00,"Centrum (x1) @ 420 | Centrum (x2) @ 420"
5363,39,"Khaled Omar",2025-09-23,Completed,555.00,"Centrum (x1) @ 420 | Panadol Extra (x1) @ 45 | Panadol Extra (x2) @ 45"
5364,95,"Youssef Nabil",2025-03-11,Pending,90.00,"Panadol Extra (x2) @ 45"
5365,31,"Sara Mohamed",2025-06-14,Completed,120.00,"Vit C (x1) @ 120"
5366,47,"Ahmed Ali",2025-01-06,Completed,420.00,"Centrum (x1) @ 420"
5367,56,"Ahmed Ali",2025-07-02,Completed,1464.00,"Vit C (x1) @ 120 | Centrum (x3) @ 420 | Otrivin (x2) @ 42"
5368,43,"Khaled Omar",2025-06-16,Completed,202.50,"Otrivin (x1) @ 42 | Panadol Extra (x1) @ 45 | Cataflam (x3) @ 38.5"
5369,40,"Mona Said",2025-03-03,Completed,802.00,"Otrivin (x1) @ 42 | Nivea Cream (x2) @ 85 | Omega 3 (x2) @ 250 | Panadol Extra (x2) @ 45"
5370,27,"Youssef Nabil",2024-12-21,Completed,143.00,"Nivea Cream (x1) @ 85 | Brufen 400 (x2) @ 29"
5371,68,"Sara Mohamed",2025-07-15,Completed,970.00,"Centrum (x2) @ 420 | Nivea Cream (x1) @ 85 | Panadol Extra (x1) @ 45"
5372,22,"Sara Mohamed",2025-10-23,Completed,750.00,"Omega 3 (x3) @ 250"
5373,26,"Rania Ezzat",2025-02-03,Completed,665.00,"Nivea Cream (x2) @ 85 | Cataflam (x2) @ 38.5 | Brufen 400 (x2) @ 29 | Vit C (x3) @ 120"
5374,72,"Youssef Nabil",2025-02-01,Completed,45.00,"Panadol Extra (x1) @ 45"
5375,77,"Mona Said",2025-03-17,Completed,84.00,"Otrivin (x2) @ 42"
5376,99,"Khaled Omar",2025-07-03,Completed,754.00,"Otrivin (x2) @ 42 | Centrum (x1) @ 420 | Omega 3 (x1) @ 250"
5377,8,"Rania Ezzat",2025-07-18,Completed,802.00,"Panadol Extra (x2) @ 45 | Centrum (x1) @ 420 | Otrivin (x1) @ 42 | Omega 3 (x1) @ 250"
5378,24,"Youssef Nabil",2025-10-31,Completed,360.00,"Vit C (x3) @ 120"
5379,82,"Khaled Omar",2025-01-27,Completed,840.00,"Centrum (x1) @ 420 | Centrum (x1) @ 420"
5380,35,"Ahmed Ali",2025-04-07,Pending,103.00,"Brufen 400 (x2) @ 29 | Panadol Extra (x1) @ 45"
5381,54,"Mona Said",2025-09-12,Completed,2340.00,"Centrum (x3) @ 420 | Vit C (x2) @ 120 | Centrum (x2) @ 420"
5382,1,"Ahmed Ali",2024-11-26,Completed,1373.00,"Otrivin (x2) @ 42 | Centrum (x2) @ 420 | Centrum (x1) @ 420 | Brufen 400 (x1) @ 29"
5383,9,"Rania Ezzat",2025-04-13,Completed,260.00,"Panadol Extra (x2) @ 45 | Nivea Cream (x2) @ 85"
5384,71,"Rania Ezzat",2025-05-14,Pending,58.00,"Brufen 400 (x2) @ 29"
5385,25,"Ahmed Ali",2025-04-07,Completed,625.50,"Nivea Cream (x1) @ 85 | Nivea Cream (x2) @ 85 | Nivea Cream (x3) @ 85 | Cataflam (x3) @ 38.5"
5386,12,"Mona Said",2025-05-20,Completed,995.00,"Centrum (x2) @ 420 | Brufen 400 (x1) @ 29 | Otrivin (x2) @ 42 | Otrivin (x1) @ 42"
5387,18,"Khaled Omar",2025-04-29,Completed,255.00,"Nivea Cream (x3) @ 85"
5388,55,"Mona Said",2025-06-08,Completed,180.50,"Brufen 400 (x2) @ 29 | Otrivin (x2) @ 42 | Cataflam (x1) @ 38.5"
5389,39,"Youssef Nabil",2025-05-21,Pending,1257.00,"Cataflam (x2) @ 38.5 | Panadol Extra (x2) @ 45 | Centrum (x2) @ 420 | Omega 3 (x1) @ 250"
5390,24,"Ahmed Ali",2025-02-23,Completed,560.00,"Brufen 400 (x1) @ 29 | Vit C (x3) @ 120 | Otrivin (x2) @ 42 | Brufen 400 (x3) @ 29"
5391,10,"Ahmed Ali",2025-08-10,Completed,87.00,"Brufen 400 (x3) @ 29"
5392,88,"Rania Ezzat",2025-05-13,Completed,2010.50,"Panadol Extra (x3) @ 45 | Omega 3 (x2) @ 250 | Centrum (x3) @ 420 | Cataflam (x3) @ 38.5"
5393,91,"Youssef Nabil",2025-03-17,Completed,1323.50,"Nivea Cream (x1) @ 85 | Vit C (x3) @ 120 | Cataflam (x1) @ 38.5 | Centrum (x2) @ 420"
5394,73,"Ahmed Ali",2024-12-04,Completed,29.00,"Brufen 400 (x1) @ 29"
5395,55,"Sara Mohamed",2025-06-05,Pending,250.00,"Omega 3 (x1) @ 250"
5396,75,"Sara Mohamed",2025-02-21,Completed,750.00,"Omega 3 (x3) @ 250"
5397,1,"Khaled Omar",2025-09-24,Completed,120.00,"Vit C (x1) @ 120"
5398,87,"Youssef Nabil",2025-11-06,Pending,42.00,"Otrivin (x1) @ 42"
5399,77,"Rania Ezzat",2025-02-27,Pending,2180.00,"Nivea Cream (x2) @ 85 | Centrum (x3) @ 420 | Omega 3 (x3) @ 250"
5400,67,"Sara Mohamed",2025-07-24,Completed,1385.00,"Omega 3 (x3) @ 250 | Panadol Extra (x3) @ 45 | Omega 3 (x2) @ 250"
5401,36,"Rania Ezzat",2025-06-11,Completed,1200.00,"Centrum (x2) @ 420 | Vit C (x3) @ 120"
5402,77,"Ahmed Ali",2025-02-23,Completed,376.00,"Nivea Cream (x1) @ 85 | Otrivin (x3) @ 42 | Panadol Extra (x1) @ 45 | Vit C (x1) @ 120"
5403,12,"Khaled Omar",2025-03-26,Completed,269.50,"Cataflam (x1) @ 38.5 | Cataflam (x3) @ 38.5 | Cataflam (x3) @ 38.5"
5404,20,"Sara Mohamed",2025-10-26,Completed,297.00,"Cataflam (x2) @ 38.5 | Panadol Extra (x3) @ 45 | Nivea Cream (x1) @ 85"
5405,83,"Rania Ezzat",2025-06-14,Completed,930.00,"Nivea Cream (x3) @ 85 | Centrum (x1) @ 420 | Nivea Cream (x3) @ 85"
5406,33,"Rania Ezzat",2024-11-26,Pending,255.00,"Nivea Cream (x3) @ 85"
5407,12,"Rania Ezzat",2025-04-23,Completed,77.00,"Cataflam (x2) @ 38.5"
5408,93,"Ahmed Ali",2025-03-13,Completed,240.00,"Vit C (x2) @ 120"
5409,1,"Rania Ezzat",2025-03-28,Completed,340.00,"Nivea Cream (x2) @ 85 | Nivea Cream (x2) @ 85"
5410,41,"Youssef Nabil",2025-04-23,Pending,1726.00,"Centrum (x3) @ 420 | Nivea Cream (x1) @ 85 | Otrivin (x3) @ 42 | Nivea Cream (x3) @ 85"
5411,73,"Sara Mohamed",2024-12-19,Completed,615.50,"Cataflam (x3) @ 38.5 | Omega 3 (x1) @ 250 | Omega 3 (x1) @ 250"
5412,55,"Ahmed Ali",2025-05-04,Completed,250.00,"Omega 3 (x1) @ 250"
5413,14,"Sara Mohamed",2025-06-07,Completed,1302.00,"Otrivin (x1) @ 42 | Centrum (x3) @ 420"
5414,34,"Mona Said",2025-04-13,Completed,1045.50,"Centrum (x2) @ 420 | Panadol Extra (x2) @ 45 | Cataflam (x3) @ 38.5"
5415,51,"Sara Mohamed",2025-08-18,Completed,1260.00,"Centrum (x3) @ 420"
5416,1,"Sara Mohamed",2025-05-15,Pending,470.00,"Otrivin (x1) @ 42 | Vit C (x1) @ 120 | Omega 3 (x1) @ 250 | Brufen 400 (x2) @ 29"
5417,15,"Rania Ezzat",2025-04-01,Completed,449.00,"Centrum (x1) @ 420 | Brufen 400 (x1) @ 29"
5418,16,"Rania Ezzat",2025-02-12,Completed,575.00,"Vit C (x1) @ 120 | Omega 3 (x1) @ 250 | Nivea Cream (x1) @ 85 | Vit C (x1) @ 120"
5419,9,"Sara Mohamed",2025-04-26,Completed,677.50,"Cataflam (x3) @ 38.5 | Otrivin (x2) @ 42 | Centrum (x1) @ 420 | Brufen 400 (x2) @ 29"
5420,37,"Sara Mohamed",2025-01-05,Completed,360.00,"Vit C (x3) @ 120"
5421,7,"Mona Said",2025-06-13,Completed,200.00,"Brufen 400 (x3) @ 29 | Brufen 400 (x1) @ 29 | Otrivin (x2) @ 42"
5422,57,"Rania Ezzat",2025-01-27,Completed,1625.50,"Omega 3 (x3) @ 250 | Omega 3 (x3) @ 250 | Cataflam (x1) @ 38.5 | Brufen 400 (x3) @ 29"
5423,4,"Youssef Nabil",2024-12-03,Completed,2205.50,"Cataflam (x3) @ 38.5 | Omega 3 (x3) @ 250 | Omega 3 (x2) @ 250 | Centrum (x2) @ 420"
5424,69,"Sara Mohamed",2025-07-20,Completed,760.00,"Nivea Cream (x2) @ 85 | Panadol Extra (x2) @ 45 | Omega 3 (x2) @ 250"
5425,54,"Youssef Nabil",2025-03-10,Completed,539.00,"Brufen 400 (x1) @ 29 | Panadol Extra (x2) @ 45 | Centrum (x1) @ 420"
5426,100,"Khaled Omar",2025-07-09,Completed,450.00,"Panadol Extra (x2) @ 45 | Vit C (x3) @ 120"
5427,33,"Rania Ezzat",2025-09-20,Pending,120.00,"Vit C (x1) @ 120"
5428,67,"Mona Said",2025-03-02,Completed,442.00,"Brufen 400 (x3) @ 29 | Nivea Cream (x1) @ 85 | Panadol Extra (x3) @ 45 | Panadol Extra (x3) @ 45"
5429,71,"Mona Said",2025-11-05,Completed,750.00,"Omega 3 (x2) @ 250 | Omega 3 (x1) @ 250"
5430,2,"Khaled Omar",2025-04-14,Pending,1074.00,"Otrivin (x2) @ 42 | Omega 3 (x3) @ 250 | Vit C (x2) @ 120"
5431,13,"Sara Mohamed",2025-10-19,Pending,458.50,"Centrum (x1) @ 420 | Cataflam (x1) @ 38.5"
5432,95,"Rania Ezzat",2025-01-02,Completed,1623.00,"Brufen 400 (x1) @ 29 | Otrivin (x2) @ 42 | Centrum (x3) @ 420 | Omega 3 (x1) @ 250"
5433,97,"Youssef Nabil",2025-09-17,Completed,890.00,"Nivea Cream (x3) @ 85 | Panadol Extra (x2) @ 45 | Omega 3 (x2) @ 250 | Panadol Extra (x1) @ 45"
5434,95,"Ahmed Ali",2025-08-22,Completed,155.00,"Otrivin (x3) @ 42 | Brufen 400 (x1) @ 29"
5435,88,"Mona Said",2025-11-16,Completed,677.00,"Brufen 400 (x3) @ 29 | Nivea Cream (x2) @ 85 | Centrum (x1) @ 420"
5436,2,"Sara Mohamed",2025-04-07,Completed,922.00,"Omega 3 (x3) @ 250 | Brufen 400 (x3) @ 29 | Nivea Cream (x1) @ 85"
5437,91,"Sara Mohamed",2025-06-19,Completed,170.00,"Nivea Cream (x2) @ 85"
5438,38,"Rania Ezzat",2025-06-02,Completed,323.50,"Vit C (x2) @ 120 | Panadol Extra (x1) @ 45 | Cataflam (x1) @ 38.5"
5439,78,"Sara Mohamed",2025-07-16,Completed,505.00,"Centrum (x1) @ 420 | Nivea Cream (x1) @ 85"
5440,66,"Sara Mohamed",2025-11-11,Completed,990.00,"Omega 3 (x3) @ 250 | Vit C (x2) @ 120"
5441,84,"Sara Mohamed",2024-12-23,Pending,1670.00,"Vit C (x2) @ 120 | Nivea Cream (x2) @ 85 | Centrum (x3) @ 420"
5442,54,"Khaled Omar",2025-03-04,Completed,254.00,"Otrivin (x2) @ 42 | Nivea Cream (x2) @ 85"
5443,46,"Khaled Omar",2025-01-09,Completed,590.00,"Centrum (x1) @ 420 | Nivea Cream (x2) @ 85"
5444,96,"Mona Said",2025-05-18,Completed,334.50,"Cataflam (x1) @ 38.5 | Nivea Cream (x2) @ 85 | Otrivin (x3) @ 42"
5445,84,"Ahmed Ali",2025-04-12,Completed,433.00,"Brufen 400 (x2) @ 29 | Vit C (x2) @ 120 | Cataflam (x2) @ 38.5 | Brufen 400 (x2) @ 29"
5446,99,"Mona Said",2025-01-29,Pending,1098.00,"Brufen 400 (x3) @ 29 | Centrum (x2) @ 420 | Panadol Extra (x1) @ 45 | Otrivin (x3) @ 42"
5447,59,"Rania Ezzat",2025-08-20,Completed,1106.00,"Omega 3 (x3) @ 250 | Vit C (x2) @ 120 | Brufen 400 (x3) @ 29 | Brufen 400 (x1) @ 29"
5448,9,"Mona Said",2025-04-10,Completed,375.00,"Nivea Cream (x3) @ 85 | Vit C (x1) @ 120"
5449,40,"Mona Said",2024-12-20,Completed,322.50,"Brufen 400 (x1) @ 29 | Cataflam (x1) @ 38.5 | Nivea Cream (x3) @ 85"
5450,11,"Rania Ezzat",2025-06-27,Completed,1132.00,"Centrum (x1) @ 420 | Omega 3 (x2) @ 250 | Cataflam (x2) @ 38.5 | Panadol Extra (x3) @ 45"
5451,77,"Ahmed Ali",2025-04-28,Completed,214.00,"Nivea Cream (x1) @ 85 | Brufen 400 (x3) @ 29 | Otrivin (x1) @ 42"
5452,8,"Sara Mohamed",2025-11-02,Completed,500.00,"Omega 3 (x2) @ 250"
5453,95,"Youssef Nabil",2025-11-03,Completed,789.00,"Cataflam (x2) @ 38.5 | Omega 3 (x2) @ 250 | Panadol Extra (x3) @ 45 | Cataflam (x2) @ 38.5"
5454,50,"Mona Said",2025-04-01,Completed,250.00,"Omega 3 (x1) @ 250"
5455,50,"Youssef Nabil",2025-04-05,Pending,375.00,"Panadol Extra (x3) @ 45 | Vit C (x2) @ 120"
5456,79,"Ahmed Ali",2025-06-02,Completed,360.00,"Vit C (x3) @ 120"
5457,12,"Rania Ezzat",2025-08-16,Completed,42.00,"Otrivin (x1) @ 42"
5458,8,"Ahmed Ali",2024-11-21,Completed,1104.00,"Otrivin (x3) @ 42 | Brufen 400 (x2) @ 29 | Omega 3 (x2) @ 250 | Centrum (x1) @ 420"
5459,48,"Rania Ezzat",2025-08-12,Completed,262.00,"Otrivin (x2) @ 42 | Vit C (x1) @ 120 | Brufen 400 (x2) @ 29"
5460,77,"Youssef Nabil",2025-07-27,Completed,330.00,"Otrivin (x2) @ 42 | Vit C (x1) @ 120 | Otrivin (x3) @ 42"
5461,47,"Sara Mohamed",2025-04-15,Completed,542.00,"Omega 3 (x2) @ 250 | Otrivin (x1) @ 42"
5462,71,"Mona Said",2025-05-01,Completed,1380.00,"Panadol Extra (x1) @ 45 | Omega 3 (x2) @ 250 | Nivea Cream (x1) @ 85 | Omega 3 (x3) @ 250"
5463,36,"Rania Ezzat",2025-06-09,Pending,1180.00,"Nivea Cream (x2) @ 85 | Centrum (x1) @ 420 | Nivea Cream (x2) @ 85 | Centrum (x1) @ 420"
5464,42,"Mona Said",2025-11-08,Completed,1008.00,"Otrivin (x1) @ 42 | Otrivin (x3) @ 42 | Centrum (x2) @ 420"
5465,37,"Ahmed Ali",2025-06-23,Completed,500.00,"Omega 3 (x2) @ 250"
5466,35,"Khaled Omar",2025-01-06,Completed,126.00,"Otrivin (x3) @ 42"
5467,61,"Youssef Nabil",2025-09-17,Pending,1427.00,"Centrum (x2) @ 420 | Omega 3 (x2) @ 250 | Brufen 400 (x3) @ 29"
5468,23,"Ahmed Ali",2025-11-08,Completed,1285.00,"Vit C (x1) @ 120 | Centrum (x2) @ 420 | Vit C (x2) @ 120 | Nivea Cream (x1) @ 85"
5469,55,"Sara Mohamed",2025-06-09,Completed,321.00,"Otrivin (x1) @ 42 | Omega 3 (x1) @ 250 | Brufen 400 (x1) @ 29"
5470,6,"Rania Ezzat",2024-11-26,Completed,58.00,"Brufen 400 (x2) @ 29"
5471,33,"Khaled Omar",2025-07-18,Completed,1318.00,"Centrum (x3) @ 420 | Brufen 400 (x2) @ 29"
5472,16,"Khaled Omar",2025-04-29,Completed,832.00,"Nivea Cream (x3) @ 85 | Omega 3 (x2) @ 250 | Cataflam (x2) @ 38.5"
5473,8,"Mona Said",2025-11-09,Pending,955.50,"Nivea Cream (x3) @ 85 | Cataflam (x3) @ 38.5 | Omega 3 (x2) @ 250 | Nivea Cream (x1) @ 85"
5474,4,"Ahmed Ali",2025-04-03,Pending,458.50,"Cataflam (x1) @ 38.5 | Centrum (x1) @ 420"
5475,75,"Rania Ezzat",2025-10-11,Completed,1337.00,"Centrum (x2) @ 420 | Nivea Cream (x2) @ 85 | Cataflam (x2) @ 38.5 | Omega 3 (x1) @ 250"
5476,32,"Youssef Nabil",2025-04-11,Completed,1306.00,"Centrum (x2) @ 420 | Cataflam (x2) @ 38.5 | Vit C (x3) @ 120 | Brufen 400 (x1) @ 29"
5477,88,"Mona Said",2025-01-26,Completed,420.00,"Nivea Cream (x2) @ 85 | Omega 3 (x1) @ 250"
5478,2,"Sara Mohamed",2025-04-04,Pending,869.00,"Panadol Extra (x2) @ 45 | Brufen 400 (x1) @ 29 | Omega 3 (x3) @ 250"
5479,55,"Youssef Nabil",2025-03-17,Completed,303.00,"Otrivin (x1) @ 42 | Panadol Extra (x3) @ 45 | Otrivin (x3) @ 42"
5480,98,"Rania Ezzat",2024-12-10,Completed,504.00,"Otrivin (x2) @ 42 | Centrum (x1) @ 420"
5481,74,"Youssef Nabil",2025-10-15,Pending,193.00,"Brufen 400 (x1) @ 29 | Cataflam (x2) @ 38.5 | Brufen 400 (x3) @ 29"
5482,9,"Khaled Omar",2025-07-25,Completed,225.00,"Panadol Extra (x2) @ 45 | Panadol Extra (x2) @ 45 | Panadol Extra (x1) @ 45"
5483,97,"Ahmed Ali",2025-04-01,Completed,1517.00,"Brufen 400 (x1) @ 29 | Nivea Cream (x2) @ 85 | Centrum (x3) @ 420 | Brufen 400 (x2) @ 29"
5484,60,"Sara Mohamed",2025-10-12,Completed,199.00,"Brufen 400 (x1) @ 29 | Nivea Cream (x2) @ 85"
5485,76,"Ahmed Ali",2025-01-25,Completed,45.00,"Panadol Extra (x1) @ 45"
5486,70,"Khaled Omar",2025-05-10,Completed,722.00,"Vit C (x3) @ 120 | Vit C (x2) @ 120 | Cataflam (x2) @ 38.5 | Panadol Extra (x1) @ 45"
5487,3,"Rania Ezzat",2024-11-25,Pending,865.50,"Cataflam (x1) @ 38.5 | Cataflam (x2) @ 38.5 | Omega 3 (x3) @ 250"
5488,61,"Youssef Nabil",2025-03-21,Pending,128.50,"Panadol Extra (x2) @ 45 | Cataflam (x1) @ 38.5"
5489,24,"Khaled Omar",2025-11-05,Completed,834.00,"Otrivin (x2) @ 42 | Omega 3 (x3) @ 250"
5490,31,"Mona Said",2025-08-19,Completed,1470.50,"Cataflam (x1) @ 38.5 | Centrum (x3) @ 420 | Nivea Cream (x1) @ 85 | Brufen 400 (x3) @ 29"
5491,28,"Khaled Omar",2025-09-29,Completed,2158.50,"Cataflam (x1) @ 38.5 | Centrum (x3) @ 420 | Vit C (x3) @ 120 | Omega 3 (x2) @ 250"
5492,26,"Rania Ezzat",2025-05-10,Completed,487.00,"Cataflam (x2) @ 38.5 | Nivea Cream (x2) @ 85 | Vit C (x2) @ 120"
5493,21,"Khaled Omar",2024-12-03,Completed,394.00,"Brufen 400 (x3) @ 29 | Nivea Cream (x1) @ 85 | Brufen 400 (x3) @ 29 | Panadol Extra (x3) @ 45"
5494,54,"Ahmed Ali",2025-07-19,Completed,1129.00,"Brufen 400 (x3) @ 29 | Omega 3 (x2) @ 250 | Otrivin (x1) @ 42 | Omega 3 (x2) @ 250"
5495,68,"Khaled Omar",2025-01-22,Completed,154.50,"Brufen 400 (x3) @ 29 | Cataflam (x1) @ 38.5 | Brufen 400 (x1) @ 29"
5496,72,"Sara Mohamed",2025-03-14,Pending,715.00,"Brufen 400 (x2) @ 29 | Otrivin (x1) @ 42 | Nivea Cream (x3) @ 85 | Vit C (x3) @ 120"
5497,69,"Youssef Nabil",2025-08-27,Completed,120.00,"Vit C (x1) @ 120"
5498,65,"Mona Said",2025-02-02,Completed,997.00,"Cataflam (x2) @ 38.5 | Omega 3 (x3) @ 250 | Nivea Cream (x2) @ 85"
5499,22,"Youssef Nabil",2025-08-23,Completed,2295.50,"Nivea Cream (x2) @ 85 | Cataflam (x3) @ 38.5 | Centrum (x3) @ 420 | Omega 3 (x3) @ 250"
5500,77,"Sara Mohamed",2025-02-10,Completed,665.00,"Omega 3 (x2) @ 250 | Panadol Extra (x1) @ 45 | Vit C (x1) @ 120"
